"year","lsl_max"
1995,1103.30673515982
1997,1063.17317351598
1998,1351.45357228771
1999,1087.3299086758
2000,1046.70466381206
2001,1270.20456621005
2002,1125.48436073059
2003,1086.61997716895
2004,1542.76958105647
2005,1112.26826484018
2006,1143.05079908676
2008,1184.68066939891
2009,1107.64611872146
2010,1141.02922374429
2011,1198.3747716895
2012,1276.42310889443
2013,1160.68687214612
2014,1109.83618721461
2015,1204.98858447489
2016,1196.36760018215
2017,1595.63664383562
2018,1239.21940639269
