"year","counts","time_length","excesses"
1996,1,366,1374.68689403445
1997,2,329,820.30371068968,795.452644682854
1998,3,361,830.980549150186,843.741315232894,901.224706284932
1999,1,351,1111.724570968
2000,4,326,811.839005842774,957.020367768176,787.581593739337,782.035568345061
2001,1,340,1001.48813601646
2002,2,365,773.797308087145,869.264742785445
2003,2,361,772.539471389023,763.747980571183
2004,4,366,815.993612410174,1004.82810539523,799.054522641725,757.63088855937
2005,4,365,792.769020189346,1013.17121022014,799.930991217064,1041.27352572146
2006,3,343,755.76562664554,874.446217695058,794.275463731331
2007,2,356,948.948641693981,753.64503250827
2008,3,334,1025.77508019846,856.619848553083,816.713885769314
2009,1,352,813.445745567413
2010,3,330,818.906391225161,810.882323699211,747.806257582377
2011,3,365,815.90509866545,874.115546937379,761.466636249572
2012,3,350,787.282792440073,1095.12709493808,763.813076459692
2013,2,352,929.302753658277,930.313455771912
2014,3,356,741.852395259842,758.955922866354,826.992653795397
2015,3,361,768.948286360932,759.717420614383,816.174860271473
2016,6,366,756.591764571689,829.47621763431,830.723052355424,759.450439146801,954.733888445306,1165.26565529828
2017,2,365,979.058857077678,931.910231550131
2018,3,365,795.85183072887,978.85183072887,1117.85183072887
